bytes_sent,bytes_received,connection_duration,packets_per_second,unique_ports,failed_logins,is_anomaly
1736.9612744049334,1246.7397197702978,88.49234568289101,21.693210866330716,5,0,0
1708.2204264548343,724.4548662701628,37.57113626007275,25.650614207832234,1,0,0
1845.0414319267177,202.46741768757204,22.837782059553884,13.929331554542399,4,0,0
1549.8163874346483,1914.2902527211932,41.16029153497293,4.13057408939148,3,0,0
2051.1669331094367,1034.5753792601745,108.80261602394685,19.910215078123436,2,0,0
2037.8908057179676,1398.2213126076704,13.109777340425827,2.744754150648954,2,1,0
1614.5756235286522,954.9422735732554,11.871597282614882,2.518801251769208,4,0,0
2013.768669124477,1538.2127986415792,6.346283403477391,7.119715523833038,3,0,0
88.08782262023529,1009.9447845506783,6.173695455642425,13.832744028603914,4,0,0
1723.4972276040457,1128.3991307048566,14.851990213068648,6.168896627303646,2,0,0
1433.1272640794955,607.9337932038484,3.718992079292675,10.324047237819345,3,0,0
1001.7046477054528,1611.0455498806268,17.576163968510524,28.49870879429976,2,0,0
1928.7982042410476,999.7352281033944,0.41348369893258574,6.605370761676258,4,0,0
1672.350543217898,1509.9460415184217,38.4041474588292,22.671686700790055,2,0,0
1565.7415917163758,1183.8959309857164,94.65290380499933,11.4846118070818,3,0,0
509.32149438081854,1179.4779844722377,48.85483962411712,7.057137280247394,6,0,0
1833.9070324323727,469.71346732113295,41.38140195333662,9.956650206141282,5,6,1
1057.1191697283725,962.5911022578401,166.47794883026117,8.467547099598447,1,0,0
532.2190093027908,1080.209801833546,24.364782617346073,6.179522735451176,3,2,0
1918.2598909043113,803.0531134124661,9.560513509950333,14.11743697685405,2,0,0
2461.6907918703105,433.9652565383817,0.88538131809155,11.274903549799507,3,0,0
1306.5808560158378,1332.4641825748406,34.453912161214056,10.27312498887957,5,0,0
2433.2593964021085,807.4799211395267,33.6349180747106,8.56320248035649,4,0,0
2267.561462873342,1756.5454031655722,26.363692359725288,4.027168316622543,0,0,0
1571.6231765736131,499.98966866506464,4.109610187919868,4.888699550044059,2,0,0
1942.067659887068,1201.8247873840658,20.87798169848357,9.09740448639527,1,0,0
2782.5588840182754,1137.4845035633746,5.607779762610122,10.244408290604522,5,0,0
1572.5374457251926,1000.1386414519984,5.986599181346109,3.9599959547323174,2,0,0
1925.9656687565791,1180.0903817507212,2.8717555076193264,6.063606220082499,6,0,0
1523.1042278118302,985.347629035075,19.383838723565965,14.218739432269265,0,0,0
1926.6073462912207,1482.1109357182115,50.294183144681405,17.16150241870699,1,2,1
781.9070572779864,1634.1406030575888,5.685598531731415,16.13436553556432,2,0,0
1647.390851103392,2075.864575569178,1.6271664947891131,13.16420425659117,2,0,0
1060.8406590854547,1125.4592370045864,0.0747073647868705,30.926756958899198,3,0,0
887.0363445165874,1698.73332309361,17.15888330922847,5.879191827030553,4,0,0
1906.775860065713,1169.9427729753895,20.54026937908036,17.56377595253362,1,0,0
1830.0855508580366,1316.873611526423,7.271547127350176,2.9404871142084286,1,0,0
1354.4709128251188,912.9447279248216,2.6618971323805085,48.76924366878316,1,4,1
1190.3561192213804,977.1000697858381,40.730252313682115,10.59657329976078,3,1,0
1326.2148118913212,1057.3438693208984,40.896296300234084,4.350738801783699,3,0,0
784.7081376030814,1157.050613953743,16.36719743915687,12.303972791127233,3,0,0
2893.7659503187724,1545.9641716227884,3.0623161206517877,22.71847101552666,1,1,0
889.4116087911573,450.02533530211474,3.112211154435637,4.5014362827977985,1,0,0
47041.11893619446,934.2052188468956,273.1342693630573,256.38346285190386,46,24,1
2409.393373088822,1616.4986740448448,47.71165703279288,3.413865198909289,2,0,0
1722.1265523354377,712.0211625123276,6.424981817011036,6.806846811107742,5,0,0
590.3472559498857,706.682673335773,31.619324731309337,4.748453567050289,5,0,0
1940.5497267312555,1145.2762750738061,5.7890026121224745,3.3351713832758185,4,0,0
1383.4477251316357,1759.8391647384792,16.520349146454347,17.068372196916396,4,0,0
1641.9079963563752,1839.898233706837,4.344490037663877,7.097152879075894,3,0,0
2018.9893878461407,1479.440621485956,1.9003221100588834,37.46621342984896,1,0,0
2077.075001979827,1239.0555217723431,6.443842641017168,5.305878287100414,5,0,0
1546.38422438636,1262.7629972022921,24.47217245387088,4.731597948285532,3,0,0
1740.6790215158,1101.4043482214563,9.91193230346681,4.958360681326138,2,1,0
1460.2362517822744,2056.4062749709196,20.271098515793586,11.831622448773565,4,0,0
1890.953197151843,821.2124757189841,7.89922810528107,3.6330670936939438,3,0,0
1568.5265224058408,1126.360452762318,13.411244059548945,4.205245602637307,1,0,0
1779.6069960900393,1570.2244653126818,78.52585607704133,6.9997323180965285,2,0,0
1146.431485533383,1386.2006550345345,20.17259184176601,4.37372995869716,6,0,0
645.7228955453111,734.9654656324693,35.63421464306812,1.7429493660412145,2,1,0
1660.639542765878,1172.0572595871085,23.858400113348157,17.574203026204124,2,0,0
663.2284551974743,521.1415426549721,20.63621815094909,24.99963249660143,6,0,0
1322.446204259614,1261.0761452455627,18.951217255042703,13.723215233809363,0,0,0
1110.463829628448,1193.914226247172,4.664888357058976,20.123617463364013,3,0,0
1735.5728154032224,1598.026100166252,36.05764533720733,2.317258766476921,4,0,0
1861.1570743432164,746.4671663892218,6.035434559807886,6.186434935261685,2,0,0
1777.7548623730668,747.2705184460906,21.260330984466293,1.7936907949207812,6,0,0
117.74861219509197,4891.135021965962,0.8893033493775268,0.0010055614037676323,1,0,1
1002.8836481031477,913.8051134903683,24.663624070886108,7.457868106069484,1,0,0
2191.54465220484,1715.514062403025,17.401297379823376,2.8021101517570495,2,0,0
1779.4134311428309,999.123690566011,26.76701768744687,9.279801538392595,1,0,0
1088.978480214483,1326.63565223128,1.7218962441406616,10.420663393611726,2,0,0
900.2412141664072,1260.4853321960354,8.307991622841888,6.7145953439423325,1,0,0
2080.0044818801944,1644.2592862206561,60.59307347073211,19.692527240259952,5,0,0
1626.2484519741056,1723.6791376645397,72.48540206558638,1.3568822948735983,5,0,0
1509.434636596965,645.908298872603,194.75560308706187,12.666018776610983,5,3,1
875.3372979262916,1075.6800455883092,48.34168597489606,18.657711365258265,2,0,0
1271.0825839909062,693.5140122618589,63.152799453071125,2.7201335088650715,4,0,0
1792.367050517338,872.4406278641559,28.483215208327742,20.781065034226785,1,0,0
1347.8869086049501,1343.789577606276,5.688901845625151,7.320540413461285,3,0,0
1460.6847706085146,1370.477059870195,4.125869301787686,5.3272233642807585,3,0,0
1424.6820427184791,1327.9742850304744,43.81416608567626,20.854383958787274,1,0,0
1491.5320724916858,789.7259148225351,64.85577270888282,11.327914519225127,1,0,0
1697.7972696813379,1490.6157444000817,9.590000394064049,24.3907786316859,0,0,0
24705.097218453866,1103.299955038578,883.4788201848338,232.5002140897669,56,24,1
806.2857843519798,907.7213161257367,2.2789970599732197,17.05248484080939,2,0,0
45440.58030054013,1314.4286550473093,1047.112388744059,193.3385076276237,50,21,1
509.6958124592433,1514.2079630659302,110.09233704173619,6.668109399776155,2,0,0
1463.6005296733588,778.1537004761194,19.767814831573567,3.15080202289171,4,1,0
2098.2570609557624,1664.556693997259,57.56616537641226,6.311314184319955,2,0,0
1161.3789056752446,715.4681666970976,4.035861080198185,11.229654867930403,6,0,0
1670.365609035133,1702.1616574221089,17.68652929663088,26.3781001650271,3,0,0
1986.929723497884,1232.0058672353796,36.146030828974354,12.865733701639456,3,0,0
1421.5737201614872,1110.657489093314,57.64866768979438,21.17879147599667,3,0,0
608.7305675556549,1514.3457068363869,18.52145583354468,7.228602007341425,3,0,0
1526.287717127597,1490.933298973291,50.84205452748782,4.594174690738031,8,0,0
2090.055787703027,670.3668798989586,16.465646007292467,4.512733410197788,2,0,0
1406.619331579827,1241.8866291079407,139.9928603411434,8.994697075026448,4,1,0
827.0856745554254,1413.7561645384446,0.8556792944092931,6.727175614099719,1,0,0
1007.8140183745737,1461.8378573395987,0.7570348169540362,8.61881221292408,3,1,0
1326.2419079468802,1123.4319812096708,2.5368353125621237,3.025956488511206,5,0,0
1080.4859043346796,1331.5047357993294,8.197246301958073,16.09066118661548,4,0,0
1313.875522340581,515.8014399005773,1.9030244988099663,4.847407039876466,3,0,0
1938.0867773327386,1658.5004037568926,9.083779758463955,2.8770190129371347,3,0,0
1052.265969162817,1208.544988076746,7.624910532541285,2.0795065087000757,4,0,0
1403.865460798278,1436.5431083691535,28.079767612398108,8.016518768646222,4,1,0
1685.4462365778309,900.4565999324243,7.503715918205966,14.280524453659314,4,0,0
1179.7109695526717,1730.3990490824729,4.5812482360363775,10.81791190087322,2,1,0
1356.1855394825168,1442.2190402606002,21.760026260943444,18.193619520519157,0,0,0
2130.581664231317,421.54680647218373,36.20199170601847,15.408519642946745,4,0,0
914.0119038661109,1012.6017527783569,28.03442557773555,12.97753551517011,1,0,0
1888.6212695467561,1432.9963326452148,14.402912781484426,9.71233320234083,3,4,1
1804.4658715990922,514.102279651234,8.886709555767833,20.24388208054514,1,0,0
1444.8002387842364,1692.7080952297952,72.87688871449107,19.499148585739118,5,0,0
1321.637464576671,1283.364162016953,80.15776525835675,9.240713784505779,4,0,0
202.48116089012078,6383.633460909832,0.6744990900561607,5.398554082807914e-16,0,0,1
1412.7662514972974,959.1134259765963,1.1447096109662778,3.6663857192095097,4,1,0
2156.790285409027,1043.4071977398116,22.069145492290538,6.363084895286823,3,0,0
683.1695078107471,1046.6558288437636,0.8423328964379125,14.74643752588496,4,0,0
959.6265896399167,1532.1334402907348,1.450519298073317,14.314648984076385,1,0,0
1618.2854986688656,1586.7251998962272,68.24848630355551,3.3520121749061813,3,0,0
972.4838476935778,1154.173358053538,3.2629718359741147,6.6693721155871435,4,0,0
2045.4618584244788,441.3290828524053,66.85915294575575,13.770445326203898,4,0,0
1336.7854963727816,1610.9515812458906,8.266680353146317,11.773021399966614,3,0,0
35.92697500233447,4606.994943791455,0.1828335964803636,0.0151358256096882,2,0,1
851.3204707160705,1420.740879250369,34.675847103748595,8.765127516292551,1,0,0
57509.00542560953,1248.9970650445243,96.86910712092302,195.61940362178967,55,22,1
1106.7712178805834,1794.9631953630721,37.36108013869082,7.427574851834466,4,2,1
1493.6143340892936,1118.746719744555,40.45602359181504,27.183189758367906,4,0,0
1762.701621238154,1407.663849490261,2.696953306015418,11.005297552544533,3,0,0
1861.0413565903818,1423.811222073093,16.454012953365343,10.278850730029996,0,0,0
1553.588440555813,1113.4650619863273,9.87849776245434,11.857381342494861,1,2,0
1390.4048422649378,1327.5068249772823,96.19342588114709,6.328119479930546,0,0,0
1205.767882635279,1388.0424572001402,0.8745712541757901,12.585627757587137,4,0,0
1252.2086794446157,1260.1400621462499,15.410052721364119,5.533917089655093,2,0,0
641.8981502766471,1440.006484259642,49.278460523155395,6.5376946031741845,3,0,0
709.0709460698981,1576.4430312361728,47.55865245306452,7.090485996113091,7,0,0
57547.74581543234,1085.358035359502,79.69422510391885,157.72927725430085,54,25,1
1109.6950190539658,1720.6969562246018,26.00166602147879,16.89974874255831,5,0,0
1354.1860742284825,1761.7508581426166,12.986305033615094,14.583177122302214,2,0,0
1357.831674263871,1097.0080875334572,9.464696024639679,1.7796345685213,2,1,0
1521.4852798082284,1321.8111977418564,95.35140251363356,7.633736051154468,5,0,0
1426.808324850469,1186.933465743253,11.164344130849148,8.602846735511548,3,0,0
1843.1452010805458,1120.7864492563042,4.6811868265140975,10.663143544398537,5,0,0
1655.194359425037,1641.8814971066918,0.46153973478442617,12.553223443182668,0,0,0
954.9795851291979,1278.5075664413614,60.97995069400758,2.3272388079621047,3,6,1
1313.9215542726893,1040.9686945268,20.545500812684978,4.67011676877104,1,0,0
1901.0514574539766,856.2030718916242,16.591658022721486,14.393031503615944,4,0,0
1495.8572897153201,1617.0765389577493,59.88067668362921,18.588034502715715,1,0,0
1286.234856170108,1446.1026826797276,1.6956213018410695,5.509161413001461,4,0,0
52468.20586435031,1225.8529476394044,36.03882611237486,193.12987101369035,41,20,1
921.3292618330008,578.0249989590676,4.004969306579296,7.746347749517528,4,0,0
1357.6744900367294,1071.139722904785,17.18406783875661,9.545786622551,2,0,0
1096.9677585960885,1666.7736211455388,76.14282267565285,3.6327819565362374,5,0,0
1917.7317787860213,1963.0708051896188,16.427717020784357,9.443847366284047,1,0,0
1412.4770260140274,1089.3598077687934,9.744204133723974,6.785318821068635,2,0,0
1656.701694515417,1505.5554782589065,36.175579539385424,6.512801399496967,0,0,0
1119.472272089976,1146.0339358052993,26.765106084818516,8.126965242646362,1,1,0
1683.067455636361,1484.3288102576487,93.68628302117993,14.446108236852211,2,1,0
1571.3323191248562,1709.1002779300659,23.624093721616614,1.2553050638562087,5,0,0
1400.8462774194618,1607.6147732000366,108.87409776173443,5.6883519016720765,3,0,0
2073.1360877421575,759.041714658602,44.925327064427414,15.659918593616949,3,0,0
1915.5034568839876,1025.2147357197082,9.356282727400654,5.142666479207434,5,0,0
1500.3807552874507,766.7633144884184,27.746566861383908,14.868860443511238,3,0,0
869.1731127288859,1705.053538345924,7.463438598487983,18.20448247729284,4,0,0
2452.6835857551882,762.1365797390754,29.417293202232475,11.272854427291998,1,0,0
1411.462375326505,1309.804252498363,29.832798606686186,0.41596151081881244,1,0,0
1837.1239013742127,1026.0175227840064,12.537077661198026,1.612369046684721,5,0,0
1895.7971288035312,144.2097452774215,4.852401461993352,1.781504479368662,2,0,0
1775.3356942524065,906.2023302587311,51.59586163049758,25.84009837084939,4,0,0
883.8590093354026,942.0865549864162,49.4277784641597,0.17471735776455502,2,0,0
2321.1077596599307,1044.9891988708252,32.0139791758931,2.2007445670109154,2,0,0
44020.4691717148,1124.2417003110877,190.3965448677483,183.1127597273077,41,20,1
20.116355504854468,739.9676504699432,12.178549233205121,2.1296365285102223,3,0,0
1917.253450131822,1111.7348615045953,42.19721889717366,15.838931004585191,2,0,0
1603.1112445614651,636.588958726176,51.521806293423374,13.638428900369945,1,0,0
1516.2312692820485,767.2601896173366,12.8840129172659,14.527516877871108,1,0,0
2045.8153098632658,2107.332828804066,23.90624989252611,10.596240619571146,4,1,0
1633.292515283498,619.1636251120157,94.12130298967715,3.2319270724796034,3,0,0
2697.952992961957,1699.4184734399043,68.22226514452768,6.429436026455048,4,0,0
1407.1112854464127,1719.6049903409464,48.38894685798613,10.73443433517382,3,0,0
1550.001925685365,960.8667069614669,79.29889197567353,17.3173200414793,3,0,0
1008.4601806366289,852.6885996375195,117.74608509950245,11.831370341067824,1,0,0
1362.2950241490773,1096.883086302854,18.846221248653833,7.731120712556371,5,0,0
1699.1159193719486,676.6903908052296,14.909833529542079,5.176835637327583,3,0,0
1564.5925389136446,1145.6752251282307,53.6621184544631,31.49202915201223,1,0,0
1601.900164244497,1021.2818632755282,1.9082439086897427,4.031304589949006,1,0,0
978.2393180608001,1111.1527579186584,32.746862954440275,1.955995352549662,1,0,0
1977.2091428272986,994.9983996785514,29.438856864968447,14.408016760548128,5,0,0
2386.6433665191603,706.3856256436495,65.90769196024006,3.4445804171908856,3,0,0
2019.3999440279656,1379.0706568932774,0.045028109429246135,1.7129842613749346,2,0,0
2034.696357959248,1177.1758704744075,10.77096444585883,2.747874370374395,3,0,0
1263.4200217702826,965.2095036805633,8.14112315517775,7.78580222497088,4,0,0
2520.3152424984273,2013.0640864255597,12.99579705734273,3.6356423294590967,1,0,0
1353.9016828234678,542.8593975870214,54.53604330082071,12.164804401420666,3,0,0
1003.3701688724407,1660.2314535783685,14.167159450101877,8.649204165841672,2,8,1
51826.29447448886,958.9386799002225,178.68377103742947,204.19403215051085,44,24,1
2396.0720967323637,1541.5695755004274,12.97638046891907,14.299903988239551,1,0,0
2166.9994116402004,1293.5066735144776,38.99490861268887,8.632091111721996,5,0,0
1207.3309890948601,478.06133482545386,5.190970948122218,15.781796040504485,2,2,0
1881.0824847672081,1318.8189144229377,57.43136943159661,46.62284569786919,7,0,0
1824.415997032545,1290.1447955832384,28.22579263698512,13.640404719071828,1,0,0
1647.1305501879513,1538.846380242119,22.01484615889443,4.268508809528172,3,0,0
2252.633544525682,739.4553448705574,11.458990727174374,8.353280699849217,6,0,0
1789.8001872869183,1626.5717523218407,19.41972322015836,10.832450068496389,0,0,0
1701.8886896942474,1563.6099136525606,12.517171419165685,12.137442209805902,4,0,0
1842.9045290074432,751.9686092276502,26.536367317445595,3.156952350184824,2,0,0
1125.8019738474995,1128.6141471067658,33.826719600050254,12.644478830191822,3,0,0
1643.3189609794395,784.5801788679254,52.20900234838771,17.7389251494506,2,0,0
1458.0283774437783,616.1089424752199,6.952533820734605,18.682289998106036,3,0,0
2990.389374350249,1658.0659693582088,53.829598096264405,11.483025981390014,2,0,0
1483.6600355901303,798.2478758169308,15.699250197664423,7.120050248247681,5,0,0
1324.6734278047481,1359.8625893596522,11.208631279131248,12.079054092019115,4,0,0
1606.4041419109294,1070.561257805548,48.13995706471454,8.717877382233898,3,0,0
1479.414109141397,1784.7266668627847,54.37719572379274,6.178588415827834,2,0,0
2030.896539698402,471.2803647334649,16.464623378876173,11.065882369601052,2,0,0
2162.4128890816523,1276.583390530037,11.215603846456522,20.480501355523426,2,1,0
1223.3935670468486,1585.1416702119386,13.761687580107342,7.3638736504107,5,0,0
1127.9550682340011,1094.4933700535864,14.540425257083427,20.13749944542218,3,0,0
1630.6197980103443,833.8715048977543,40.65387382379324,7.286976808310585,1,0,0
1750.098093931384,1277.6320043068883,7.168103502355574,3.8759648765230468,1,0,0
1002.2078785428762,1234.2431059306823,0.13208780742440546,5.056863294242822,5,0,0
827.5061768684279,1222.1978204666323,20.5803864889183,9.267062705161146,2,0,0
2375.6358132748205,1096.5609573365693,14.195055319681373,11.17965712550198,4,0,0
1209.8707339999664,1495.592322717307,28.608493982293464,9.25958856685323,2,0,0
1428.2936968789013,1536.152455888307,10.269708493298188,2.870309088646864,3,0,0
2541.5418896247334,1166.4392730851093,7.602029255382153,3.4604699445989118,1,0,0
2008.1120392508608,1259.6887577676139,16.622929023572702,37.427940230330606,1,0,0
1283.1863793750447,1831.1319997957758,30.418222661527544,8.895207569743759,6,0,0
1218.7429685768038,1542.7247077516668,4.241900949214143,13.124672681261371,0,0,0
1221.2840765466165,970.381348438048,17.103525126072253,24.50776054445523,3,0,0
1683.110878464719,1784.6661492320652,35.15342255573045,8.844392669467329,0,0,0
647.281323761933,589.8167256328592,6.376146877004323,2.9290998788366904,3,0,0
2373.7476883859963,2062.2730329833234,8.546685171347237,8.906359761330982,3,0,0
1634.2809463029334,1021.2044575189809,21.483184688792953,2.075661196276523,2,0,0
1764.10453697281,1454.8170639228422,41.495880072265905,6.5239873379453215,4,0,0
2117.166822208346,1559.6588289566962,6.19425651306322,6.677977701423635,9,0,0
1032.6194820543544,1048.5153709146155,15.962842287478459,12.353277177941354,6,0,0
156.7271977500229,5127.075928301891,1.1453378618602787,0.5812038424646206,2,0,1
1439.4999214495215,1088.285275924177,89.36304468222492,9.151632537833173,5,2,1
2645.547440167452,855.910012766325,25.644925947126772,12.568676723283652,2,0,0
2198.5178343007005,1785.0042005286482,33.8669338149257,27.35492234395274,5,0,0
1130.002458050489,564.2868026710554,14.60524153273168,3.12072674105748,0,0,0
1704.1502680336625,1180.6765257976008,27.333823272328075,12.340613713799351,4,0,0
1286.487206447481,888.5246280472106,0.569875531913899,4.366584744354079,2,0,0
1071.242782743476,1069.1121629206937,63.65241466162554,20.224283474323443,2,0,0
1578.1057230339711,1313.3955739016608,2.3353336713431117,25.770697495068635,4,0,0
1140.7208536607789,729.811899798182,4.243296252668887,2.624646136474465,3,0,0
199.92408338499956,4399.160809454212,0.07742748203274867,1.3887728413532093e-06,0,0,1
2152.1151320680397,1651.7798173072922,11.631968245232896,16.9029927542274,1,0,0
1161.1545820310248,805.5450575364748,22.932233760291503,3.0967384525296655,4,0,0
1422.239673939947,1548.589384308627,10.264368300172338,23.877350920211175,2,0,0
1418.7939095737831,872.9735949849922,38.862709890502124,1.4315067823788357,1,0,0
1344.4111403015922,1159.2459684709918,21.385303237115934,4.2089967377934245,2,0,0
1169.205485426499,1501.835076307585,41.270934828150054,5.221186272475534,2,0,0
2478.4164890794077,1569.3350901451468,36.640373670704925,4.65130944650248,4,0,0
2256.1093498881037,1565.0944604585518,6.599956794837565,2.038080580645478,2,0,0
907.0241645417145,1617.7460388917846,84.07181559787337,17.083013494996578,2,0,0
669.1950888221719,1689.613041782115,88.68225382938257,19.761044220705514,1,1,0
782.7162951070472,1486.722456680339,1.201257454166991,7.563845583275535,1,0,0
2154.9818385381827,1518.4263630194887,8.779245990701021,21.764202140004084,2,0,0
1294.2035733040484,1757.9806797739432,4.3287081014627145,6.034953083873678,6,0,0
171.00657686182254,5478.309153357784,3.3501303496712604,5.3411277480272784e-18,2,0,1
1826.3945971129112,1214.239046204115,16.832421101187467,6.637101332712873,0,0,0
435.59525215827597,1905.3611246282958,23.974335297639342,5.364298006241222,7,0,0
1417.7506480896402,775.5893401160959,1.0557734618734818,1.4320378296041534,4,0,0
1875.7791242269755,883.2885087574739,1.5976939703739197,9.620939004230877,3,0,0
1244.299650288743,910.8203725679496,75.2955837583888,15.129202350450228,1,0,0
1072.7692507515844,1738.6877839519063,1.031510284265978,3.3445816148065344,4,0,0
1475.9014671452144,1064.7870597460546,40.41079876925211,3.346456323380945,3,0,0
1596.5176407150382,1031.012544137462,32.10457394407747,2.424390499925459,2,0,0
50.90518609951899,5051.533822726203,0.2423667144100107,1.8386241444135212e-13,1,0,1
1123.604252567749,1624.2533145650575,6.782775319800434,10.340403841437704,3,0,0
1592.3344069244808,1137.2237908601533,22.49602318180885,12.115421422598008,0,0,0
1838.3937178721699,1391.6854716351113,10.792006416620243,19.62001272773963,2,0,0
1436.2762984148442,753.787848314498,8.551335503974226,18.321345254317965,5,0,0
1419.6769228807827,818.893901876303,5.102852488269674,3.8639467238403618,4,0,0
2202.116311818826,784.4492066353482,17.620928447640008,9.739486401353004,4,1,0
1770.9152401839233,1277.6151110502853,28.982454088832952,14.53108295032476,6,0,0
1827.4052567606984,1072.090064670278,5.344404949077621,1.971606639603555,1,0,0
2178.8272811379397,1200.806138862341,56.035411662542984,12.709156090904408,2,0,0
2049.003014109822,1675.750748148956,10.278475650587238,7.6413533833458995,2,0,0
1579.186405375641,389.11773681931516,24.028024197024752,10.255024222015694,0,0,0
1535.9154596072049,1034.3297135199794,25.25623888074327,4.684340510585451,2,0,0
1942.6733622975096,723.2721727129782,7.043045614714536,17.39642377669256,3,0,0
1158.3021178279437,1266.4889063840467,53.68408297554703,10.018830086837733,6,0,0
924.3076042153622,1186.1059076206336,73.51424152733951,18.15034614428884,4,0,0
226.941138121425,977.6398861905056,78.30046751493592,9.85415765976121,3,0,0
3037.7879775295555,806.247177043086,78.64126392522564,14.57028335639066,3,0,0
1742.2572921497685,1290.8167285979018,1.236107178690055,20.774556568894926,2,0,0
1404.7829021225566,963.5948308495853,19.17305287192094,7.982440875064707,0,0,0
1600.1000011185065,1704.5532502952592,29.804649556343765,20.594074783861572,3,0,0
1739.0226077250975,1286.814578210847,7.929474250372464,6.770416777523244,2,0,0
1684.3798847561632,1646.3216153498229,42.446045265769975,22.988745840316863,2,0,0
1663.1325695671621,968.8637903673891,17.585106401172727,18.916806043000093,2,0,0
2760.238849603747,859.4262320575032,6.320898242087765,3.3338226318474993,1,0,0
1824.1989052476033,1572.6983330431465,36.52369842825422,8.516346108983576,3,0,0
2154.336775897565,1915.5287340585785,15.025142433516715,7.17840950973862,3,0,0
1560.2160628989202,1371.011439806009,0.9003976525500536,4.076279631888663,2,0,0
1936.9755653483708,958.823207014071,11.830083035705977,2.495671612953273,1,0,0
2661.1085085401037,810.8909172881193,7.800058550685124,6.055515957365035,4,0,0
2513.58498362266,1030.2541472822984,1.3554037039989286,13.12649539136892,1,0,0
1298.995858092104,891.6586579517797,36.93606467085081,15.947409470310586,0,0,0
1233.6272979195471,1204.7031572809997,1.3742214551987453,14.52954311449691,1,0,0
1742.0457867807975,1970.7673045062077,30.441814524320517,3.734728970135058,5,1,0
1843.3997349333833,1163.761053188839,51.16117164476794,5.766651891641893,2,5,1
1199.4594509888868,1083.7499267352566,41.430007431218776,5.259012891957156,2,0,0
1710.9571373168226,951.0718801404535,2.4249454305966185,3.0040079487318683,4,0,0
1185.008009832983,1428.5201500527348,9.13322973652679,16.062681540476643,0,0,0
1201.6448148542202,957.2626979163042,13.04422846382414,1.1953324068666513,6,0,0
1118.202041039743,964.5575766792801,32.40533037969156,11.855362257272386,4,0,0
1299.3607356393557,1036.1444321048243,38.65308368474303,13.335447306196613,3,0,0
1755.3696981695134,1173.806629852176,3.029598381071442,6.931442181057486,2,0,0
42662.651808556424,1008.2799010411497,522.0545782226644,253.39327814897942,41,19,1
194.01386166430547,1511.405466164265,5.771687158739434,9.882061320967923,3,0,0
1584.444629807849,1428.7734410404573,1.351608683340949,6.53155905062115,5,0,0
1243.457042363506,1715.7007940119352,3.648476813855071,23.723002179765743,5,0,0
1518.814626067824,1083.02983144882,107.159969565244,23.155268581665716,1,0,0
46450.93744189872,1103.1821987070175,531.4626106196682,191.70076296003117,56,20,1
623.1500074497138,1386.494720145245,37.51608616449282,3.227149102334701,2,0,0
42240.69496358644,992.0388265454596,1006.4693527876524,161.39248979975486,47,17,1
1513.37157215991,1305.0098648027,48.18946145160266,4.543448792019399,6,0,0
1558.1070411654396,1969.6203566036138,119.55432284052607,12.923437085971583,7,0,0
823.1193425698864,954.1679238842909,6.528399748875951,2.4123912519174255,1,0,0
1499.107586876558,1677.2849043675274,38.149493797644176,21.95972899314635,2,0,0
1304.1499233033435,1949.4612612051824,8.014274540371071,3.0816022543104387,6,0,0
998.0407318871811,1505.2973302319401,86.10305856495411,7.223921840058938,4,1,0
1125.4859484544152,1273.8336111882916,3.05710393542882,5.298618099172182,4,0,0
1378.0331493703993,1608.0994126343048,11.723055280429707,17.232718362112177,3,0,0
2273.2081606883385,1102.807598542267,16.069024516100033,11.028579132308815,6,1,0
797.508827083763,1379.8397031326149,35.05364206252812,23.125133900540312,1,1,0
2313.4715534641105,936.308616453932,58.02366969222265,5.121678343312707,4,0,0
1072.5138440483586,1118.9458928617992,61.95695703857978,3.6490023292055302,4,1,0
34.43406173960709,5412.86364951019,0.09669386639413721,0.00804518711330898,2,1,1
1286.5325131816699,1320.4232473319303,1.020597861921979,9.815715707976821,6,0,0
1050.8616453985203,1614.7058487003603,1.815161697226237,9.277562522509594,5,0,0
2533.4428604354334,1171.0775178796757,13.420886335286259,8.749002242899692,2,1,0
1575.2766389237552,1081.5941562330952,4.093396442197512,1.6001385826258843,2,0,0
2457.9407640091445,1579.5805776735444,111.66620842087782,2.959198081407368,0,0,0
1520.3887194409801,1553.3952967834553,57.655452032591256,10.885007923053786,3,0,0
1940.7118139249528,709.1685353024011,29.10439465122588,19.76392824339794,1,1,0
1629.3971780402194,1961.414960334762,29.98204647365687,9.58570662759308,4,0,0
65801.13014971404,990.3132520190185,63.578766992531826,166.63753011982533,38,21,1
1467.4076083936116,1057.1941911231838,33.2050712603675,9.59588179459754,4,1,0
2039.8494479603123,894.5037995248036,1.8740905870183369,6.01208395478802,4,0,0
32211.13131222091,1145.9791808559412,29.298572969517643,177.04049709171457,50,17,1
522.8098595613417,800.4583387260006,17.822735802852723,4.337439160131801,1,0,0
1864.360865461637,1327.1705019057592,1.741121730909141,2.4366943162444343,4,0,0
1786.545577535404,1618.2824937228775,9.329020955576619,17.698235257424372,2,0,0
1762.7013594895805,1169.4519577286837,20.594297971648665,9.52157920459972,0,0,0
1294.9868453359052,1387.4885943395507,7.815185512739186,17.31013050227475,2,0,0
1093.8058783577528,903.6434181968506,8.876139281335739,9.80197178891004,2,0,0
1125.8084944727723,1449.4737667330498,99.87665370127158,4.890330240010311,4,0,0
1834.1447059458771,773.9066657319609,0.14552166689276938,4.224285649896938,5,5,1
2063.1166094802543,700.1792077850816,27.837691169965733,22.570145696743484,4,0,0
124.83425338833395,5447.3053301259,0.1804542181475504,0.00010185366319102228,1,0,1
1354.2468498795488,1183.1058800269682,16.36702594691544,5.815578854616633,5,0,0
85.90366135249266,4038.6509047222276,2.2794077139815743,3.2431188897368967e-07,2,0,1
821.3128222095983,737.8465773381931,2.665855781343408,15.320916160747142,2,0,0
1175.5294751042697,1191.870113517388,7.929578014679582,5.957231655948685,3,0,0
1214.4737699004265,1657.0633444488421,24.388505183645627,12.300127559618321,3,0,0
1595.8119208122253,969.6898170684286,21.957028420969767,1.9723102115336941,1,0,0
1997.4091528561007,1436.9084905361835,8.532617917581657,20.574489395267346,5,0,0
2044.1386987134692,1115.9811496775285,6.409055898815754,24.453883420218666,4,3,1
1037.1962981042202,1369.580447025965,24.842952298084565,9.483187178995276,1,0,0
2008.910940100218,932.4650407396443,28.461514022140666,3.5971692315046715,1,0,0
1549.5474865976657,1238.7951048435255,24.285055740968705,20.378448111383722,2,0,0
1487.4860884455727,1395.2585546254118,64.8934950380948,14.735861034462685,4,0,0
1968.1502309767254,2062.865631434364,21.199206205477335,3.801737161028332,1,0,0
1638.35915690572,1587.1316957032009,37.41855358160441,3.230927160830584,2,0,0
1985.0609657801378,1059.838925716135,69.52750778325873,2.466444194043998,2,0,0
86.91275956995409,5787.218516778587,0.5960718433817845,0.00418389001758065,1,1,1
2332.322644186908,886.1535108341608,18.817606277083264,13.222906255355973,3,0,0
608.657049173956,1394.610191580764,0.6235799956758377,7.6507888858291615,3,0,0
1862.4251269808742,1824.0892499392642,40.39642327573769,9.822062830373925,1,0,0
2322.769723127612,1109.4438464729367,67.18260443676601,3.1676556415612844,3,0,0
696.2749641108123,1330.8830374333097,15.292485854148307,9.133512105612816,4,0,0
1287.0383885082056,864.8808046874109,22.095470251154257,4.996143750202131,2,0,0
1041.158288247296,1336.770971057415,15.529196226427151,4.0067509641587495,2,0,0
785.6959122927369,1321.5632191268546,5.8948265704238105,6.646919038725228,4,0,0
1252.1849356646776,607.7835973308551,6.672841277261046,2.487190376500511,2,0,0
1561.8756229492408,1064.5564856623396,35.97774238007117,1.7364852156655117,4,0,0
976.753679289639,1287.0882809158425,0.7243435078870426,7.794084979021623,3,0,0
1156.646806656736,1358.8760934098502,5.876860797069388,13.938739037050642,0,0,0
1548.0769751771275,1026.8022398291223,12.359602023999834,4.917839369468861,2,0,0
50.58209369428653,4867.977898373736,1.0647978930265962,8.738034352589743e-08,1,0,1
1768.1639232353152,983.2198481319796,19.52069270871984,11.062655291627227,2,0,0
1190.061217383123,917.125851157197,63.84243800305896,7.440643573487797,2,0,0
1033.5519180353929,1203.6439790765687,25.073000037827484,7.251948104331345,6,0,0
1474.8603370916903,1168.353551096068,5.749905731541511,14.807018969188,6,1,0
1732.4568446541025,1023.1436847625075,130.21699972302616,14.76982386311867,2,0,0
1912.4511120924237,236.07262470542736,49.772156246656294,12.907919575619388,0,0,0
983.7642108666702,853.3069975967671,1.869781056603173,8.688790288648176,3,0,0
1033.787626238945,1243.717775159798,1.6031977777520123,11.207427006020234,2,0,0
2078.8700504481344,1322.0606884362774,52.47397999191538,15.535833783754804,5,0,0
1040.0945621051023,1951.0453874685559,2.0272603874999553,3.7949428796223614,3,0,0
666.6528605289471,1217.995363592388,5.325747338349371,5.012278907922308,3,0,0
1197.357198737292,1750.9007523189339,7.22808383415225,11.610275541787903,1,0,0
1356.8825481380948,1002.7159385032987,37.81505237792032,1.221598148927789,2,0,0
964.1537074290683,1430.2892407347608,14.260918207281774,10.34113441396759,3,1,0
623.2500825260817,922.0927497218149,5.366800225476676,6.707901116268332,3,1,0
2601.1631932217715,1272.9705467850283,30.165232047317943,6.882355082609031,0,1,0
2124.2848061146738,1311.7150677488055,17.93138100309954,17.573173905453853,3,0,0
1590.333356130315,699.4725561641496,2.4662233964365363,17.263467654673704,5,0,0
1331.8676539839703,1129.0689740825178,7.471948645269634,8.59366522675613,2,0,0
2575.3324119007243,1770.698445499385,22.191424925369624,5.601168747689012,1,0,0
442.1135599056407,1536.490477621057,5.838227411519289,7.402335491438845,0,1,0
55850.7278915683,1182.2030990761482,18.66052022533003,193.6985240325274,53,17,1
1155.9151422644995,1193.472131063348,8.444008285007197,5.062698608147203,4,0,0
2136.323829338864,794.8269608972772,6.7756727087587905,10.66497072511127,3,0,0
1104.2542426263196,849.8219627152729,11.421299718745049,21.330258202256907,2,0,0
1807.0675652621355,1264.8510215234978,101.90844402056815,7.00304421823491,0,0,0
2130.872277115402,1231.952075440831,30.690368110174873,17.176557253890962,4,0,0
1451.492045706978,1200.7076569780681,34.71307376449035,8.896642952634132,3,0,0
2500.1754886488866,1861.5530186635958,0.37210893590484834,9.001869640267747,4,0,0
1516.2598381462585,1138.4956173503288,0.43745267405517585,9.386389519354774,2,0,0
1778.542157834739,1087.0782603978955,4.139790233246185,3.5499573994496365,2,0,0
1418.5248576896067,1021.5899321806788,22.38002973019563,8.923156811695067,5,0,0
1166.412337800787,824.7487951445578,6.389384076642021,2.4796779749924736,3,0,0
1376.4876939988242,1333.9891322255148,58.70091948336944,26.319072980318744,1,0,0
1447.9788988238638,1308.8948100270468,4.37302606217928,8.163299143959115,3,0,0
1650.0978476061166,590.7847136163693,132.29664271370376,12.552526821832178,2,0,0
758.3599334581056,1553.2202285201627,36.35289284203374,19.91604263061277,3,0,0
1298.6014249967589,1284.6637749530478,9.018370758007299,11.313397944927184,2,0,0
1066.4081040789215,1473.435480878905,52.35717077614388,38.18117353293412,0,0,0
646.1347086337657,1307.8241924575943,0.45634405420554713,17.83760020390975,4,0,0
1897.364309207701,1473.8718593933177,12.729634509102977,4.923486489186092,5,0,0
1566.8130645073213,1634.2195235649733,38.15845296933461,9.581085679292682,4,0,0
1874.2046486044703,791.5485681444582,6.934527236836497,9.968664294562045,1,0,0
964.5824500068611,1006.3951008471507,13.870327145494558,14.820521314134998,4,0,0
1189.008103758896,849.3113649856965,53.91840241849981,16.640225547488935,5,1,0
1441.816358394739,1564.2844609000363,17.272695108646328,12.701788033625503,6,0,0
1691.1405870686694,1308.1044969053949,63.157722976194584,9.306315385696156,6,0,0
1435.1359670927302,982.0417681667718,25.987314594218706,17.529092971012904,6,1,0
1583.5992307333188,656.2192283320546,3.011961552174412,10.951347706182982,3,0,0
1671.0810988636647,972.6346717793898,2.9180264272867027,6.746454376779393,3,0,0
1535.7547995393365,726.3240142592997,13.78026707474676,0.7288092298694437,0,0,0
2228.3319467473325,1524.2707200167051,26.52259918517374,2.3425589805777136,2,0,0
1354.272308247414,1803.804396604404,10.492277613697015,9.455051144032112,4,0,0
1510.6652479060845,1478.7340330472496,20.04965060566467,5.531026293877508,2,0,0
1553.423246043126,1501.4553136583304,71.4701246124595,7.189677715814828,2,0,0
1127.566032721681,1505.4658146326353,103.26105284077684,0.4867357839031031,3,1,0
1000.214766692795,702.5311409693035,63.34992774516215,12.055108952308213,4,0,0
1236.3733044471394,1287.8031431177892,79.68664176326592,7.462444848681992,8,0,0
1271.6961409870905,1634.9650811774804,45.105345769568785,8.982488717479095,1,0,0
42577.40183080696,814.5255003116253,381.88944797984567,206.63216485672606,49,23,1
1442.2523286211165,1627.9675182819701,4.12524519599279,9.513055489383053,5,0,0
1179.2442792967606,1342.518392225705,3.978699086794926,11.512536150634913,4,0,0
852.7367745594383,1130.5059609867762,15.390113152852251,1.4370593676705452,1,0,0
1063.5371539525715,646.6804319956711,13.278381340171759,8.041211194165104,6,0,0
54315.49123948098,611.6296625392009,911.2727637969367,221.7347295216773,53,12,1
1785.0019783218318,1295.3455844173293,18.654432555448643,7.807791188237384,2,1,0
1635.2390483868965,1887.822207950931,9.687795698140622,10.502961155670123,7,1,0
1713.6418805758806,512.9480404401975,10.120739062229134,6.798205101179464,2,0,0
1241.119427260402,1301.1766998046473,3.23890891379906,2.151464713710765,2,0,0
1740.301903800502,1898.9282027782922,85.93663088883565,6.565127772817483,1,0,0
1510.6666319090707,877.8006095006983,3.3124881000514637,15.004809971288788,1,1,0
1598.6677001742835,857.2120062373203,39.10826680840282,12.433238445185456,5,0,0
1735.6562580674838,1060.2251369784033,22.97869634559304,13.162067180739838,0,0,0
1409.1994929164905,2073.1688161874267,11.89661596238457,10.370578399345812,2,1,0
2052.447647750444,1079.6692954316313,24.679935159548506,6.804653677560478,3,1,0
1149.6274214459784,1455.559010467366,3.7467947014569023,4.638131073505173,3,11,1
1189.8796911291504,1327.0880187104826,14.73433877012666,8.818402657479457,3,0,0
1394.099343794546,875.4420146952289,50.538612066019034,4.3864331726119605,2,0,0
964.2008891877406,1155.2855029917234,5.36200802144903,3.2941339396097007,0,0,0
1637.5468903322337,1920.5159927387892,58.92650997974633,22.5447580647263,3,0,0
1470.7006902241867,878.8687258760594,9.589636029059331,4.520225556159805,3,0,0
1118.8825798619284,886.1662192663894,84.33550856895819,1.0356293426007666,3,0,0
1344.542171439843,858.8904657384276,3.5072455279712775,6.606134006862112,4,0,0
1071.287601533634,642.8086832949457,30.138807086863313,1.9056181552222153,4,0,0
1112.6202851392845,1685.3530592584782,52.970453530531714,2.7677522697327195,4,0,0
785.3965806145379,1129.8157802552291,15.320023669817568,25.73611537912571,4,0,0
1799.7492816414397,1145.9136775400407,29.944687576365755,2.990072633998852,2,0,0
1563.2516777524386,1339.0791755868204,25.08396924228906,24.81350352725384,5,0,0
48206.49888706072,1029.645135533109,71.48607849408297,247.66280092094533,46,21,1
1142.982549835275,987.6613795028687,6.491904885020001,10.504332438124962,2,3,1
1088.4381299957884,1077.3428991834721,30.695650025767023,9.706382114804855,4,0,0
59303.69329447688,793.5044398566461,582.0428412388851,154.3784986032958,44,22,1
516.3921604730848,1432.3004880063747,46.409994364013464,8.760117025603783,4,0,0
609.4594119226889,369.88444606747333,0.3582823343186237,0.9013609524177102,5,2,0
1161.6219470217322,817.4558961528095,3.950837057966173,9.416536615800279,1,0,0
1428.823910342887,1513.540314598153,4.297018683455017,9.59501983597332,4,0,0
1240.1999283973182,655.3419205898934,100.11443696136828,2.8764178400329814,5,0,0
1452.7376938735185,934.4350350416854,91.97809322340706,25.520157922601694,3,0,0
1494.9202309113762,1616.3834036268106,56.061078906302804,12.7979859207411,2,0,0
1306.9358221908838,1938.8590070257944,83.75930978017813,6.968726576450816,7,0,0
1477.0948391427164,121.93828706360605,80.4626413217989,8.607669108594918,3,1,0
2176.8355451130215,974.5831002327676,125.78793480788978,19.97917933933601,4,0,0
726.5413119864726,2118.267096759371,48.884361586532975,10.566575292099444,3,0,0
262.1822238568903,2209.0207971045447,117.22176572575442,9.644393255236954,1,0,0
1862.3803096542765,1135.9058071242466,19.871154059659965,5.787678060517253,3,0,0
1599.5081485056678,1087.6269739219574,11.894623475788185,9.253655410301931,4,0,0
2000.366690940267,1022.4743713208054,1.0061494098945827,8.469155029263707,4,0,0
1558.932132549862,784.8356020118832,0.9762153498549047,26.702065662994066,2,0,0
1572.0266466641867,1184.0133044505503,6.474240253127589,4.844171765626918,2,0,0
1836.6868605876593,1583.4317742146936,1.8193189722669485,3.7593663975528315,1,0,0
1462.9019662627277,993.3447909763928,31.85558308991829,2.279011941659846,5,0,0
1002.252017100027,1011.3420768236803,3.690756837003768,8.282940796663937,2,1,0
2587.2027819557056,1279.7232813383093,7.796749878496212,9.241228456563682,2,1,0
1501.6418577854347,1470.7738386628982,36.384202311650036,8.723060242470261,2,0,0
1395.810940457928,1438.8125211922056,22.651344041884837,8.532181144358372,3,0,0
2288.394895437193,1436.9907026836152,5.495117181444207,10.412485281574025,3,0,0
1683.1987250100417,372.44445706544235,60.3438574181211,11.457622494403001,2,0,0
1577.8421490342403,708.3035371748349,25.706253720016644,6.457275703899016,3,0,0
848.9236775659703,939.0072116317348,28.32000218201677,20.157018374276273,2,0,0
1491.616419981965,616.619390649129,107.9399027489818,5.109114541710657,4,0,0
1157.307582521545,1274.73538866322,11.27253650200427,2.3923107707974918,2,0,0
779.6653701383608,1356.9037172688868,11.348667973462337,25.508446297690117,1,1,0
1242.5691991969943,1225.626793097338,53.65815677059411,7.930393807318508,1,0,0
731.8959559868698,837.2984008695001,57.52382314292869,22.66576969805971,2,0,0
1469.1058876315226,1555.4749383095664,1.1243365040230202,14.188756102086417,3,0,0
956.0280830242689,706.7321073397947,16.723319414287758,6.325625974565245,2,0,0
137.03215707929354,6651.209906833092,1.189747911703269,0.00041659435383958383,0,0,1
2219.320082662689,1184.282583007468,25.423629542660045,12.474551428249514,4,1,0
1747.757338084694,1190.6689810017535,54.87246212012247,5.245514832751717,4,0,0
1111.304827255469,1575.6451330757511,7.936483734547091,7.932839118072737,1,1,0
1376.2328815892367,1052.1745465863246,82.83151753590543,5.634103380450246,2,0,0
1184.3957866979422,1485.0151462619942,4.261774465173331,4.946492132820604,3,0,0
913.5583712634148,1154.4728878653061,30.873567104006877,1.8026633870631552,3,1,0
1287.6804233340106,1061.7515872185136,7.647224008236016,8.495260177558105,2,0,0
1313.5794258789997,993.9974356807165,2.7542875979685784,7.3204718289986275,2,0,0
1964.7470545841638,1456.099296991413,34.866500194043525,13.077328086624785,3,0,0
1754.7907160806421,1486.1076753972789,1.07825938833716,5.841160969339407,1,0,0
1488.8891414682646,1185.3727757318486,53.47983562449483,33.47274659448047,4,0,0
2058.241348065295,830.3485950009975,1.0861829506642844,9.579547554762156,3,0,0
2391.898149012548,680.9189626428663,2.3618273175584323,5.538228986766242,3,0,0
1558.4145562578854,829.6309161334051,3.033750525501305,7.781417573386706,2,0,0
685.3460643070831,1628.663845499571,23.94761753527387,6.254643180210898,2,0,0
1389.969943002068,1015.3459858929566,6.825865142572581,11.59036998237637,1,0,0
1659.8232913133595,1585.4853267667363,13.772299449119494,18.08743682874669,2,0,0
1763.081826751029,659.3165445461624,8.897502742205944,11.531987949093324,6,0,0
2118.0460917153423,1678.6668877436082,55.48823773308185,17.02510451104995,6,0,0
885.1859926375253,2154.3317715444255,3.16899957064202,12.001722865130171,1,0,0
1246.421488183693,894.5898818695099,14.701160596024533,23.995069654196485,2,0,0
1562.82464096009,1546.851260873786,41.3549917172127,6.576647654318072,3,1,0
2264.4412173651212,1304.578401894754,43.765662550541265,6.97718605583863,0,0,0
2193.5623915274346,1042.0186406114647,49.03642306840717,11.352546170053754,2,0,0
1632.9945109381865,904.239816374884,123.56019501643887,4.033993308943959,2,0,0
2086.5259319277316,1020.0326177499782,3.57950170660016,1.0178284549421581,3,0,0
2064.909559274116,1375.6440588201697,115.68957148896774,8.98496291292732,4,0,0
964.153536711213,1705.0116534577976,40.392338741849365,9.449099969355174,3,0,0
1065.664609186435,489.94518527171505,95.94270815434463,13.154635627689476,3,0,0
1102.967837494864,313.3351092724489,55.36534329662092,4.572410360594731,1,1,0
1316.2982339312234,980.0413111815814,1.0284703421457841,6.799666671089555,3,0,0
885.2177799882235,1411.7585534161362,31.983782095825205,16.860641670892296,3,0,0
1789.1613719635668,1014.6834192871573,80.88957405495809,25.846018455210633,2,0,0
1368.2671199352371,1187.433991597954,29.052537296731344,14.453041550771639,4,0,0
1260.6338072972842,697.166551044157,13.20717236860564,17.94468223676629,6,0,0
1717.320187576556,1626.2974407410018,7.231705376888479,2.0687205089920497,3,0,0
1937.036614548405,1609.4752335145643,5.161059221729028,0.8144043884143664,6,1,0
1377.900088274316,1522.7447435483703,21.340921064240572,27.077938174640053,4,0,0
2168.234855038575,1228.2851619474989,6.224388952923219,6.947617516120226,4,7,1
1821.3578383699396,737.3319719909535,4.513615759254465,11.171726505941919,4,1,0
1042.2334691098,1349.0803487543344,0.21396200845546506,1.6882933515207839,2,0,0
1627.7007102993064,929.6308968764381,3.447137999701265,1.661087955674897,2,0,0
874.269802939342,1836.7922619844915,62.256399418674995,11.055268106045865,0,0,0
478.49554248465466,1288.1787722006493,21.643794729529507,11.030061000974303,0,0,0
1999.6987995128438,2005.5097475998984,2.252338328096104,4.116805166401862,3,0,0
1189.8672199537984,1267.6082943994734,35.77038059767028,15.825466919556062,4,0,0
985.4827715032635,519.5576634380327,17.03637093977056,6.624921702666512,3,0,0
1485.8833651641114,1577.6348536203623,14.307202399227487,14.384731021001663,4,0,0
922.7214284790002,1690.3040355357832,3.703222995046438,9.538847040791337,3,0,0
1965.8624730015135,1717.9560220097035,16.82012555049884,10.743596930544928,9,0,0
1082.0111712991545,602.0048033081755,9.681604668029008,17.58410329990528,6,0,0
1114.3848478626144,664.7445476762265,4.6615823907051555,8.381606097880468,4,0,0
1798.2870855581118,1368.583745321317,28.775303826589827,2.107662444487934,1,0,0
1821.2994045917787,1182.8379747936115,33.54216611092584,3.258853168154942,1,0,0
2322.2177405108305,1048.566043773948,2.658517391827967,0.8353647909256663,2,0,0
1199.6272324503361,1320.6203095795483,16.833026308349943,1.1473718080867565,3,0,0
1501.9862581826114,1277.3029777307602,0.02952589172820606,10.07438711333755,2,0,0
1537.4495402073508,575.9998001419272,30.616870551917334,6.748126412070298,4,0,0
1740.6046821198427,1283.803972288346,18.23465260848846,9.891958493244978,1,0,0
1935.3398804237916,1015.6810848479423,22.08297616862687,8.291039723088113,4,0,0
1573.4392595891836,640.7217572551874,12.856259868682743,19.078770499009234,3,0,0
1757.2379631845172,1304.8251540101583,16.953016560361704,0.5348248478598412,4,0,0
1161.4601407928512,2066.2969053113916,81.46219649178043,5.480691638550043,2,0,0
877.1503865218002,1952.8313915442907,10.824949223139036,9.936295151182396,7,1,0
2211.624739768932,1237.3540310966416,16.98274013151122,4.758103799454909,6,1,0
1799.6847755796502,1695.5491209285549,35.0596429347661,10.54136406017022,5,0,0
642.2887284445123,813.4407053100617,24.876644070979463,16.20884180969091,3,0,0
1861.0199491785593,971.5943332706589,75.00016214384502,8.745302108210034,4,0,0
1698.779582595025,693.862022446613,10.628184315410364,15.330486032653354,0,1,0
2018.0198402202375,673.9909751224496,3.180475477673978,9.576632569921514,1,0,0
1219.9559074412678,1690.2421748605032,3.020118402343376,17.431478593277447,3,0,0
984.6554981053373,1295.8204986810051,51.17605221074759,3.3314942196455375,3,0,0
824.8795896649032,1089.1846841863342,18.895228641359996,5.453519506473986,1,0,0
1579.1075657570773,673.795985076671,15.643386634150861,1.1664470308358865,3,0,0
1854.945316505504,1355.3302607979451,33.44222621262703,7.968758841362038,3,0,0
1526.1920098334108,1238.5510642833945,87.42291515764701,8.818268637660454,1,0,0
1774.0141105932662,962.6524899222019,5.321318090969126,20.151101251965038,1,0,0
2092.2150354750993,2143.1152560587366,25.981855312618553,3.039909154692043,2,1,0
1528.1656671941823,1654.1550760609548,4.970822753926547,4.305311417771602,5,5,1
1686.8906393144441,1339.3292740899149,61.53843111355385,33.24465563592709,1,0,0
1238.2931022517062,1523.2560198541712,72.4310983170253,10.919654201200204,3,0,0
2172.3829463191014,1169.542789751809,40.00245596103582,2.498027347260982,3,0,0
1941.5162547739574,948.0579849104339,17.478880259225306,4.091841525191672,3,0,0
2228.4881295869773,1154.557920944658,11.851458734902941,3.1970598250896884,2,0,0
751.3460613936269,642.1250282438192,13.022003628281624,5.052919523334827,3,0,0
1066.4002810576717,987.4141772600984,41.11069485907811,9.090510099064524,1,0,0
118.92625156085812,6828.681083487333,6.546417586067302,0.0020020490624535025,1,0,1
1806.047684682784,1310.5178778798218,74.12996869665503,2.4594949275942133,9,0,0
1279.0627671486181,892.4460884909122,12.819488451063998,16.181517929107113,2,0,0
1691.6637691034164,1278.958942992655,13.085853072595466,19.34499963057603,5,0,0
2076.7118081515227,1600.4547289272593,69.76552143281046,16.826387898913342,5,0,0
1787.080842329032,988.2010198881916,32.29999743515021,18.73555399372754,1,0,0
1363.3295491744516,1577.400409088582,4.017343195100843,8.388817107689073,0,0,0
769.8722236537963,1281.8361141802116,6.90363459218349,8.49791179680718,2,0,0
1330.5473187280156,1022.8513037949747,51.27769837924632,7.910118831219542,4,0,0
52.055355171690344,4965.743970561399,4.796127200979355,0.0029787735133131508,1,0,1
1540.6259241133284,2228.661451906777,10.175847313832488,8.414451923150546,3,0,0
44481.556074486856,1515.055429554136,253.36432187750972,233.3003741962046,45,18,1
1729.6713595183542,1057.0627872833354,39.78552292104625,34.07831154802742,1,0,0
913.1037266234738,726.4813160871145,23.7134980604355,6.294122089674183,4,0,0
2266.624943029744,1177.4384158409825,6.90548235709084,16.686353780863737,1,0,0
1603.968448063124,1349.9134958050834,14.182928129508781,9.251257866988466,2,0,0
1564.510170933619,1025.577965115878,55.63088734700693,27.34612159745193,3,0,0
1677.2768492460475,1737.774462750542,11.137982671798397,2.800315652380151,2,0,0
1387.9655615954464,1326.1004999434604,48.33811376448093,7.786677110238363,2,0,0
1278.2653527925086,1148.2474267997031,26.15242705528468,18.718471495067966,2,0,0
1508.1042158701941,1685.4136821244615,25.548119731626144,22.486107469908298,1,0,0
637.280830680546,1354.3682699099716,4.489886838945947,6.205820489714227,4,0,0
76.45614185360061,4429.562515746369,0.5830732842282812,0.0009804298663790843,0,0,1
1379.6990414650747,1213.0029348862445,2.924001239691019,13.949106103362393,3,0,0
2353.992600936837,1181.2018572054933,17.007936296715513,4.773225992857807,2,0,0
1177.9289441463995,1096.6792236996248,6.007120767023263,6.192390261098954,2,0,0
1176.1802149214006,1516.7030427432169,12.138060172294661,14.430207402722377,6,0,0
784.504441189439,1400.8018944691414,10.42339711685756,9.836408548779534,4,0,0
2122.0822365939275,826.5255449010318,27.6230222046107,2.2030245171212917,4,0,0
1731.0076640516425,584.9813028107039,12.668042057094768,28.63069456489599,0,0,0
1854.8119986644786,501.9529054439796,75.1388112662306,10.572534964843076,3,0,0
2282.9823115685194,1748.531484076169,37.78345998442757,9.345794366604954,0,0,0
1393.7094885663191,795.3058913655799,38.12872537118787,9.991377161772357,1,4,1
3158.8448740215103,1294.2424051373657,18.17255968959162,9.56986286028238,5,0,0
1291.110039346093,910.5560911253817,8.329699550378283,28.889810015531406,6,0,0
1764.7705846076158,957.6743092379405,15.48633683947014,4.168500134729067,4,0,0
1142.96384809094,688.9729131977418,21.89489594462517,6.181680684825981,4,0,0
1125.4595810787155,876.1635510039167,23.03083863848357,11.308821783471155,2,0,0
1148.163223056026,1366.3271883300217,78.05424237388284,6.150155724017507,2,0,0
163.23504643213874,4240.532264290475,0.5176449062495585,5.234936563478207e-13,1,0,1
1862.9953856151906,1791.2559935425777,20.53755113488678,11.295849822546353,5,7,1
1387.0766321020546,1153.4833100477633,3.2693900290555877,8.769279931443583,1,3,1
2215.157385818346,1034.5981904220473,32.53986817339922,5.892951489480659,3,0,0
2164.6184942805935,1222.2109492316245,24.910217525488246,13.886681707473567,3,0,0
1058.5872399850427,1143.9217550487479,11.644537051389168,5.199095986433893,5,0,0
2010.4487075770858,1032.8145936465448,36.62992346578035,3.963594960227569,1,1,0
1781.8361215971343,1025.9431909986697,0.3945825772732841,9.959218333190506,3,0,0
2270.5704140363605,962.2689588862618,3.8968055970197386,10.280327362341872,0,0,0
1252.7913477292743,752.8288219216967,18.145280909905413,7.69002233109066,4,0,0
1770.5619472655085,1772.035591558592,26.897517970339962,7.9703635076337225,0,0,0
1645.993948661697,1280.8383933405541,33.151556941388364,6.38526929983591,3,1,0
1605.3719955089882,1556.8518065133967,45.897093889468636,2.367264930068928,2,0,0
1157.510054247909,1382.1700019542277,12.64975880571931,5.169261890277865,6,0,0
1817.496516389379,1517.4669285406937,18.010425322232315,3.6308112482892123,2,0,0
907.6176307736814,977.9490052602008,94.65663968150754,16.771769081301272,3,0,0
1422.5985534455792,1488.3484366326227,1.4262266635774947,5.404583509418718,3,0,0
91.06308098421505,5248.441323885093,0.1818807737730035,0.054244172865527754,2,0,1
1031.2287898015866,1407.9516259774416,47.75003374750155,11.99428148172965,4,0,0
1886.6493011700234,669.6787712535798,25.449556827095787,5.311395135980371,2,0,0
712.8127559342159,1776.9047221887843,28.68539885412942,5.165423064148149,4,0,0
915.8679314274162,1561.389559621166,16.018961168427833,6.339457768956573,4,0,0
984.3041522673165,685.0293859680486,23.388732170851984,9.822450955732258,3,0,0
1309.9959602748086,1063.3608599415666,8.684309978203457,26.254447640039274,1,0,0
498.74664802318904,940.0369585910514,4.569698049149284,2.8233528922402145,5,0,0
2382.4974043531406,666.8661426935779,46.949443718857516,13.110382170100788,4,1,0
1629.6549443741378,1726.3564659829244,65.24252186639288,8.046597693155476,4,0,0
90.26432896777588,4097.592876051735,0.9650768115970944,0.16250114305012053,0,0,1
2438.584831088645,1301.3357597893564,0.8533208837578445,12.069490795288157,4,0,0
890.2372638125167,805.9651650201989,42.92978307500526,12.961078463247981,2,0,0
1367.4345188285454,1519.8405123025584,0.39226378882320384,7.845453787977612,3,0,0
1802.0467606804173,799.6426974120064,24.157701648302055,13.694902453772201,4,0,0
1344.9315013479977,1168.7455378402756,83.451105570482,11.686371424277414,1,1,0
968.0655446768633,436.23661673151935,29.434798041998096,10.279421465048555,6,0,0
50325.83769323747,819.9950729657088,1.931790676207256,154.40178520873047,77,20,1
968.4872758137591,1463.9808229943178,8.879097929052552,8.126716200232856,1,0,0
1159.5313365634233,1470.9347748045484,14.550171558157558,3.655931344999703,5,4,1
1243.4393646680041,1128.6099136486923,17.433863978194,42.63461310507873,3,0,0
2067.441629109101,1264.1572031476892,45.13389517442567,20.257105450082207,3,0,0
1849.627198856236,1469.5858296531355,86.99778079659973,26.24268713172583,4,0,0
1918.9014813939568,1258.0861450142559,88.36270952199288,3.843812205435161,3,0,0
933.6085749093571,1815.9959491283676,3.6081705190381177,4.13319946233703,7,0,0
1527.9268119319931,1472.7422199568016,10.427145519746176,3.6451493634845864,2,0,0
1854.3353328454268,891.3738746900317,23.2779933113956,3.2698802701309475,4,0,0
2518.3069431784093,729.034010856802,4.333237670825957,3.1903973601258424,3,0,0
2218.7648324835864,13.929289515983356,4.6782377350141235,8.893974082947407,4,0,0
772.245194487626,1383.9363775086058,8.265660502342007,10.277098248024023,6,0,0
48.01732732223753,4852.350262871477,0.95936165160849,0.0007858585031503821,1,0,1
2045.151152300503,1224.4347633255325,5.034291166750066,31.343878858003556,2,0,0
1144.199678451409,495.59343444323713,97.1976335408822,4.6784206604817795,3,0,0
1228.3516806213743,1870.3925306464228,112.88397873470907,7.756359826319996,4,0,0
2608.5230894334045,1167.3727931400917,2.997023483582372,5.781266002844503,0,0,0
1294.8321032132021,929.6775331887153,19.64323479291345,2.9734301496773217,6,0,0
505.76854334305256,1587.9908146470987,16.30680810876126,6.562048619602199,2,0,0
921.3420512025806,244.45699553592064,7.421425700190293,16.0114102106626,3,0,0
1794.3866883805733,1391.707518156484,34.28675130021565,16.14910784328812,4,1,0
1503.7656313145542,1414.7372046406551,19.5471291968294,9.954228471784036,3,0,0
1620.7539548671384,1398.6055489615983,5.773292075422066,4.113847283028408,0,0,0
1997.8494565634678,1401.2755875382045,11.456420677418587,4.007085133680402,7,0,0
1801.3035705053394,1639.5113921263,43.2804201077707,4.863457732960389,2,0,0
1999.3512413994467,1077.3409204053364,47.9408610160374,3.779751909221376,5,0,0
2075.8357247804215,411.79107997754886,8.354865418812073,20.21555254457743,2,0,0
1943.0238037534061,1434.9642563926013,27.81829012276414,28.476875128816236,5,0,0
2152.1750399675293,624.6159576797722,71.03888803958716,11.927692650441157,3,1,1
1364.5465809717034,1233.1947788461541,4.824792938127629,7.290645717254356,2,0,0
1502.9999315523403,918.1227912980233,55.05744616701166,7.885856718527639,2,0,0
756.1121017601612,1432.5085886795473,52.49525425552563,11.148539492607934,0,0,0
2026.5435777478306,1168.4120669627414,26.196182739508664,2.8245232774334466,5,0,0
1722.6457792898527,904.748816140295,23.545164421268385,11.053924215570476,4,0,0
512.8919553801827,1403.6149603460585,68.98564505421211,9.00567812431358,5,0,0
2257.425775430378,939.3135753440499,58.94146206082833,14.830771824803383,2,1,0
823.214583039574,1009.5445463258859,34.67781406668506,3.2280708521756263,6,0,0
2159.658208779763,1041.858423274468,50.932967545218304,7.889386999739844,4,0,0
1208.391095164819,1490.970831786088,26.61903102769758,2.556541029101699,7,0,0
1134.6941936477306,1400.6083975969905,44.67138299825956,17.583772224104298,0,0,0
1928.4206225917824,1619.3661511020641,25.684065198433494,2.484877700101824,2,1,0
2046.8128445826221,1002.3260308711247,11.94596987812044,0.1471383637400473,5,0,0
1413.5698293127089,1087.243841300492,27.03001093018305,16.04417322088842,1,0,0
2419.8049783580213,712.9240537892687,55.65617326400184,15.71233824252931,1,0,0
1197.9494435145943,1567.6112163473908,33.49156722761042,9.66081991495641,6,0,0
38343.59364461007,1147.6374681117745,938.0808573520084,183.09887814785003,53,26,1
1665.099806745731,1576.7073334509842,15.02745088758757,16.942225168780904,4,0,0
1495.8690244776246,1245.3594389212658,3.7352457343832204,10.31431428550099,5,1,0
1021.4753364736576,1079.3872047133323,40.40600283400815,2.8480213394748937,6,0,0
1681.6133432366057,1683.2273708338578,70.32691439093064,7.047843682025836,0,0,0
2541.9556292992415,1231.7339098888006,42.58537960981128,6.201742406695214,3,0,0
601.0781892304359,1085.2088699508784,76.89588913065967,9.36077698192573,3,0,0
1953.1337925696987,1340.9346140121734,12.30889561224247,16.721585968521914,2,0,0
839.3016719906208,1270.534892745552,10.94692826617999,5.678448662970485,2,0,0
1774.5761997459222,663.6083590713118,32.185249740839446,2.265663859736738,2,0,0
1307.37993040129,1545.8295960640723,101.46082215119526,4.179083586315733,4,0,0
989.136023271143,1247.9293036342401,23.3776766025025,4.888159916903676,2,4,1
1767.3988569480236,969.8179698746297,7.980881126161731,2.0678716299701345,3,0,0
1239.408875774362,1450.1244497378927,42.37331945526894,4.364577383347649,5,7,1
867.5255516979231,929.776740267116,76.8623236424219,4.884117715414468,2,1,0
1554.0260263829555,1993.8463553009253,10.701972292432636,16.464640103515475,4,0,0
686.6231967366904,1420.0093363736128,6.4496214917035894,9.948258246235222,5,0,0
921.4279771304326,1952.7948517798382,36.42992691530043,6.727155076411753,5,0,0
756.3818370522191,1126.9175933734798,11.573448902459681,1.9426839601869663,4,0,0
648.5620548452819,935.3299305543136,16.6446378576048,26.522255392570294,1,0,0
1476.889165299024,1077.6768314561507,0.13464426976890279,9.206742639042853,2,0,0
1722.1597840566974,1453.5469439210985,42.015177695241,12.340189151085447,3,0,0
1202.1250227772484,1290.1819849260737,24.42204537898537,1.178259229383598,1,0,0
1924.809155914964,969.1384641232802,1.711778030038141,17.207845677908406,7,0,0
1571.388640009761,1295.5791513233203,1.807085348212853,7.56487271425949,2,0,0
1742.5383546461192,921.353380540311,33.16712804641059,1.1845609282374487,4,0,0
2036.542447325344,639.3931333486278,3.8510910281658175,13.839220955158169,3,0,0
1770.0219625282164,986.0085782288055,5.300975004381801,4.2392620775127545,6,0,0
1590.1433376368655,1683.1277638366737,99.39915677735502,8.182637479873087,2,1,0
1094.8108573640368,900.4206716641586,32.032244573565265,3.700230845236665,1,0,0
1785.3708935889924,1535.060751547333,0.9902683265616651,5.317126556444622,3,0,0
1688.135939068246,1738.696956097603,97.32827032765378,8.601806240488662,5,0,0
1343.3295088328746,1784.38394811038,34.475049525998664,5.16064156160427,3,1,0
243.9975598803228,1250.9515728330293,23.603535281057102,7.93317512408132,5,0,0
1394.6601303394016,1384.2830425172567,42.6537409955843,12.180883754949354,1,0,0
1968.673698687036,1598.3491727632347,113.01306268030734,2.9203038474496976,3,0,0
1091.8354078797597,994.2004052951095,16.587148251353707,11.117428630691709,3,0,0
870.2423390119242,1275.6213862021873,13.012383873410231,2.3450778311841143,2,0,0
1761.9462805602377,1988.405543556887,35.339079050848056,15.789575724081423,1,0,0
1724.094540651638,704.449482809007,92.37287649763906,7.911361677088189,3,1,0
2071.6949878611144,643.062915743842,9.817558791508329,16.53589210175032,3,0,0
620.5911367859068,687.996337400859,19.948778990883365,1.5739987695458681,5,0,0
1520.8493612305779,1254.0457641648852,51.86253684475298,14.551641787028895,3,0,0
15.444963112358767,1020.7406556779135,28.24358776221711,12.819597638877301,3,0,0
2291.1310130816505,1872.9735680960446,13.980425291179408,6.225752612349243,4,0,0
2687.9738076432436,1107.5770907056283,19.89548451955482,13.18175004271557,3,0,0
1841.4026980452722,1205.7935254744893,88.80291993129161,9.91631609190755,3,0,0
1013.5323463339452,1165.1214508587464,5.014867203362422,7.634767701207394,2,0,0
857.4780309312771,1766.95981063247,14.53745746195771,13.99052070775258,2,0,0
2179.651907853783,265.35332196593106,3.2693003315347924,14.894062953803678,8,0,0
2361.004243042774,965.5704830153004,1.024605949102137,5.418465347370036,3,0,0
1350.331077474623,1158.2860781508539,24.22365389229157,7.338389609015488,0,0,0
1466.6741444854897,1819.268158857677,13.772430380913624,16.91040032987101,2,0,0
922.5764303033237,1365.179490081056,40.49167888793738,12.572816944535102,3,0,0
1188.433647605008,886.2977074017731,89.99084410142848,12.92579046301807,3,1,0
1239.5451147132778,1384.118623739507,9.80567063450612,2.2071888596345586,1,0,0
2436.937536794222,1616.0157265985558,30.506770499033106,5.860331430706318,5,0,0
1335.567783105175,680.937566633115,12.312244799316872,19.70358363890598,5,0,0
1433.123768039593,1120.2339191624565,38.40461691123234,8.004868353528924,1,0,0
2130.8839246046773,2192.7626851232353,35.85396456941503,14.649594713699665,1,0,0
1777.8429695840043,1413.099643440976,27.382004519681423,2.6958612833434934,3,0,0
1140.7676476384281,1074.4294494153423,3.3573804630484823,5.199329509373198,4,0,0
1343.638288852682,897.8027340596582,5.362793554288363,8.851069179869697,5,0,0
1067.030098106408,1791.1440795297322,19.047172056643006,2.117954779903406,6,0,0
1314.3076718672366,821.3608536064945,13.792799186788889,10.322983049467755,3,0,0
2115.4055008097953,753.5995401233429,44.35012624129035,6.992833781952495,1,0,0
1072.3742214605804,275.2095153692844,25.73969768543599,16.14319717523599,2,0,0
1707.9391392195837,1298.8502679650835,28.66547688801998,7.541898412475545,3,0,0
1050.1372771593014,891.5515116358729,43.40812752368403,6.5229020834075655,1,0,0
1609.624665347162,895.7833311920756,1.551277251364199,18.321366486226843,1,3,1
1067.7236228819172,964.7174366144475,26.401201981458534,10.566285882535349,2,0,0
2012.2054160183266,356.9925762633886,10.049682215710753,3.5065698701682586,2,0,0
1723.8334383475774,734.2980908374535,60.66686640159647,6.1925902551563965,6,0,0
740.9429490469952,241.78607397664197,13.650934274399885,3.9157215377682055,3,0,0
1941.935225220742,766.1487428518537,4.516101778240026,2.7700061254432855,1,0,0
1054.2973767438928,1379.4359891069842,10.301552162353595,8.98109232826963,2,0,0
2382.174017094912,367.5649173702062,38.15342502906954,3.6776622491871445,5,0,0
1976.5855539039112,1350.5106037066837,6.217776844871234,7.827532600890013,2,0,0
1541.8440864688698,1735.6823008593744,18.71096087816277,0.7758045128921726,1,0,0
88.9466731553722,5649.999882437443,0.7359247314289198,3.130113228975037e-05,0,0,1
624.9419020546037,1654.108110428382,19.34253327756503,10.692434503464174,2,0,0
2114.787188650319,633.0941256701179,25.946450331229258,3.60287499311905,1,0,0
525.7904130539783,933.7588201595871,39.191097182615444,18.832062735526215,2,0,0
1843.5944457133971,607.8712176733643,67.6141087552505,12.683310782490633,4,0,0
1974.0807670997235,1184.5738724067655,35.20551482284098,4.405694870586584,3,0,0
955.0669056367396,441.639612671939,55.87680816298042,6.811618138650588,2,0,0
2362.40727342536,1341.087136293403,29.60983710588186,6.572603596668168,5,0,0
1020.1558704786491,1028.8611263094733,72.2528431132426,7.219760304465414,1,0,0
937.4181631646768,1949.8140192745523,48.52627506240017,16.390196170109604,4,0,0
900.1649827879781,1251.1773823513017,5.231686619338504,9.249420736559776,4,0,0
2586.0623081654894,1506.684289806778,9.387658079181294,3.8156326156395255,5,1,0
981.9344335613843,1890.6587961357359,0.25362692663804576,15.522676325904465,5,0,0
993.109776962458,1141.213157876212,63.22519149995027,24.317494404664593,3,0,0
1060.1340390429427,917.7325538674493,11.883608056046254,8.450032787011887,1,0,0
1722.8484708121355,1285.8545485733084,6.3698933744487825,10.133491032046813,1,0,0
98.50281708556831,4900.838688740274,0.422270692145453,0.03450523489460162,1,0,1
1032.4901492999597,1461.6548592891722,16.46811149879817,12.219283269640348,3,0,0
1679.5804174520501,679.8302608391405,4.846769449048589,15.08776182727874,3,0,0
90.42271235968765,5668.7390589696115,1.2001241576469779,1.1980905090245586e-09,1,0,1
1886.1255584064984,2065.733549070014,65.02046876508717,10.141933021503736,2,0,0
1359.7639807349726,1450.2461641335528,18.900760577153974,22.847770161237236,1,1,0
2204.2757191585406,162.782238106497,2.937250400953445,3.8011741983274705,6,0,0
946.5124879292725,1667.3764655199802,14.294672711357574,14.826541394214676,1,0,0
765.1099234149746,1723.0333764749844,19.392875970083526,6.740064410775645,1,0,0
1857.1716307034733,593.205475258861,2.792516181591198,10.305411484555844,3,0,0
1053.0382227909802,1194.969791850683,19.663948138795845,11.819287133225242,2,1,0
2098.628910071622,1477.6031308832205,42.688209024645076,18.688919920599876,1,0,0
1957.1823791896888,1811.496484788476,7.075917034347328,5.5475171770664,2,0,0
923.2025193465959,460.60428603651786,36.80222817567438,9.459209741683702,2,0,0
1218.182405589802,1653.4557874068412,5.258445461494855,2.1014526785577976,3,0,0
1597.6356515878074,1654.822775828287,31.619457059879437,23.532092014856204,1,0,0
1609.0424087865567,691.6227555824742,5.516969609899252,4.4586327383912,4,0,0
1570.8246157914468,1875.8534543502312,8.039311825159588,4.927178335645166,3,1,0
1779.2397723790618,1381.1666861317653,12.192041846366678,14.54088919000126,1,0,0
1962.3226036896815,624.3546008103609,45.29722136784172,5.082414484508223,4,0,0
1814.683650660946,1196.7114606393613,0.9268076660329247,25.900560681108548,3,0,0
2018.135039709638,1135.1087519316727,50.384138387975746,7.077534754991522,0,1,0
1511.7309599417772,1076.8982568664828,52.24099030935265,7.440817923496487,2,0,0
1659.8608450590827,608.5051533992553,60.336780935026994,4.069253957219212,2,0,0
2507.151337305373,1769.1750231041265,13.615738259348582,0.6016145368448409,3,0,0
1504.741944033438,1208.3360195894916,30.643378169133612,0.9859688532198625,2,0,0
1655.5538856225555,1844.6148190676834,20.81966722881963,4.242412340075096,4,0,0
1426.4405931501599,810.8898893030138,68.23329753065953,7.5933336598959835,2,0,0
1053.391152644793,1260.2777569328257,12.511978349680989,14.112692234125204,4,0,0
2676.0764592179644,854.8218808408059,42.322813331813954,15.182485936163557,1,0,0
1646.0002342109972,741.0132852543592,24.696174478406004,6.498187251167958,3,0,0
59222.82681794005,965.9606454797279,178.0813377527801,155.45224581696053,44,27,1
647.8946985457185,1073.9111451331926,89.4294001071823,6.719733369693396,2,4,1
1890.9017103724275,872.9549422179327,84.4718523633231,15.654536208595854,1,0,0
1637.1221232497423,1241.089278621562,24.127862113803644,11.441191111895783,2,0,0
1887.0188825420641,641.0375728475859,5.315860288626227,9.631284730202568,4,0,0
1431.818355290056,1446.9867684471508,37.60369877294827,1.7059952441032573,7,0,0
1795.3654596442898,792.1106981520534,70.58459048807732,14.369677264475346,2,0,0
1109.2579885753944,1222.1417094086848,28.15527548943939,9.545070518556727,2,0,0
2072.198766892073,703.0809245694309,9.179485457065736,26.23706304673311,4,0,0
1277.4515763784334,1139.0728671687834,38.186829621823634,7.340626781052593,3,0,0
1910.928474015413,1293.2141846615953,30.322702219285297,5.892249687138172,1,0,0
900.9733235001756,1004.500266075367,21.16659037421688,6.038932326789201,3,0,0
1619.8810873861041,379.35751480077596,5.568067180001001,3.225045086058972,2,0,0
2137.819605517686,1490.0878867020217,19.442534191895152,21.57228784642093,5,0,0
1206.2443434708969,1361.9074389789628,28.143826705728124,3.6686585424516442,1,1,0
1124.3359175919081,1677.2005728562576,5.308581039371175,18.038350987629453,4,0,0
28124.214361862334,602.6539140202801,60.246828885687556,140.81574508265768,49,25,1
2329.232000735575,832.2598025577252,13.020927865980738,7.67599925538553,2,0,0
46776.14461595993,1226.7427394917156,239.04097652230186,199.40962991045072,34,17,1
2305.0588665102755,1294.517974670319,19.854384339980957,9.376004533446045,6,0,0
47749.67156191567,1325.5030692353832,212.17427386649783,131.40250252080725,45,15,1
1882.2221868810661,1207.2780169887326,10.764732359746548,11.307482988847974,2,0,0
1343.5073421751765,1003.8143500143713,12.008039433456194,11.34484512191042,6,0,0
1985.0560940807868,1502.8590718186838,11.579426041622007,15.067517165770132,2,0,0
1084.2206098853158,1055.65152609658,2.948076180708881,9.16136912342656,4,1,0
1000.6404250666105,986.3359863503688,45.344996923541444,26.090763166931854,2,1,0
1812.6551523941248,1554.0294123597553,15.208864100834184,6.387227439067256,2,0,0
2266.73862380357,1600.9056619591206,47.9141716039624,17.72740976135395,2,0,0
709.6376778424554,838.8291029081472,7.510285090033561,18.213894287260302,2,1,0
1747.0509002339206,2134.7584064402345,13.47076160934408,14.460609693908,3,0,0
1235.0644441611892,1897.2608469512202,40.67719584217556,16.08833454090464,4,0,0
1046.32000811759,1211.4647976334718,6.494506689794547,15.318418518561641,6,0,0
252.87720698676463,1194.5550453470103,110.95294575520617,24.45440680318719,1,0,0
1762.164557605467,1404.2330555765816,31.138748133132818,9.243046600341373,1,0,0
1218.1125859734607,1360.8579854302109,11.597683970456824,27.703294612029715,2,0,0
1145.0189080748773,1517.4621498530767,6.055354589101682,1.4822294180074937,6,1,0
1371.3666291368936,1470.6021805262944,22.49502301870696,8.950558452647305,1,0,0
1746.2077018539414,1701.2023586126265,34.09585846064275,7.127688361097372,7,0,0
1142.464936250084,1240.5630400968817,35.68485015280356,21.595079764471823,4,0,0
1332.0476391211728,1284.8127135712823,16.564419399064818,7.7390565981405635,6,0,0
1653.8564607494538,1474.330705827551,82.71480767168201,6.558295787366653,1,0,0
1502.5444684738611,1912.4258557085,21.41428635514185,6.686910650311596,2,0,0
2464.9353916981536,524.2025158518348,13.57995052768596,9.656042727463243,2,0,0
1403.8040676255634,1534.2446810348838,146.05097598387206,14.676047665280965,2,0,0
1653.5572133087585,986.1960674380214,11.942473748536845,6.076721129620674,5,0,0
2440.0067728231043,1482.2345258491634,13.404631641304299,3.1076496672384266,0,1,0
1157.4617333940616,1615.5472548807109,85.87876384115468,1.734261692814516,6,0,0
1550.8542538299703,781.645341794389,13.984245917281942,5.974931278937882,3,0,0
2069.9420540437645,1479.0019788770721,12.312464287213224,5.115098252314976,1,0,0
1595.9002108887735,878.8593647354178,37.883026019533624,3.002284131613197,2,0,0
2025.5561481833379,1803.560508197796,14.425896716535858,11.51936731294828,9,0,0
1309.754842957836,622.8569537185592,9.33997589088817,4.590589083736961,4,0,0
1657.2926655800645,862.3569191827007,33.58091337664612,13.847987967114681,4,0,0
1540.039868030491,1302.3061248263452,39.96841702698927,8.662013150568226,2,0,0
1120.8513260864643,1012.33052027603,3.6288682689474174,6.756208731356766,5,0,0
1618.4724697723018,949.8407531795011,45.80910426731874,11.51767353091704,3,0,0
121.15640160620659,4659.110822911641,0.4008664946749825,0.0002553262722525505,2,0,1
1317.2274805168315,395.5507385731273,21.8692758462564,8.500056633956282,2,0,0
1753.9961995505607,1167.7912045976323,35.54896197930646,17.908685368493614,0,0,0
1515.9986721178261,1418.703349265976,175.8917351797277,11.036088369977769,0,0,0
1623.1081270314419,557.696949437243,19.656490384434065,7.307712128243054,6,0,0
1663.023757420075,574.3165596412568,36.576820257358825,8.421490376345327,3,0,0
2237.1036560948965,1181.0431775964187,26.491497138895134,17.118340366514108,2,0,0
987.0296759523914,1542.4508962905036,72.85310325109825,20.31239720224281,2,0,0
399.4001757919887,1099.490977446444,24.16569922131085,15.52329864314659,1,0,0
1629.8403798282766,1336.0319366956378,56.85393166439222,3.98395346355389,1,0,0
1839.352878474883,1479.6971106450708,7.26001128662071,9.563149291856055,2,0,0
1009.8951058685751,752.3914505754357,4.471238754887567,12.985943260315135,2,0,0
1997.8001811789277,1123.189619787985,1.9875625385677815,8.913723460143235,2,1,0
1468.333682983784,1607.613051050172,25.900010309626246,10.432868860294986,4,1,0
1651.280535419681,1374.5603823991719,71.7793580688583,7.313512414937704,2,0,0
1832.4677319075354,939.6606040538695,5.486659044795595,26.417171661437244,5,0,0
1141.9224349652638,389.73232503125763,102.66409464742527,13.905901263377771,2,0,0
1131.0563541949916,987.42176655948,11.086964933598756,7.869476257508106,3,5,1
122.47561966008612,2992.234006969286,0.07413056440126707,0.2608813198316691,3,0,1
1650.0505234068746,594.5815548726845,16.68974897923574,9.398877915425135,1,0,0
1541.1431878529097,1724.8791616080534,81.19106980138713,6.970418667632119,2,0,0
967.4678412241145,1183.7147745265174,13.148321315272742,24.70847092555558,3,0,0
1144.1100524422814,572.0269504413766,27.847690651447117,14.11097289101904,1,0,0
1218.2932916965028,1504.590443062194,5.802095200932564,15.054411036953983,2,0,0
802.5837323149656,407.6648065770443,8.407522525747574,3.7323988595749684,3,0,0
1512.1314292019263,1505.1741704340313,17.251095973087224,11.06964562170457,3,0,0
1494.5514601588923,1338.4779065807884,1.7242714622443316,5.345962847048886,0,0,0
161.2194974263561,1135.9325719840797,29.343012013152894,9.355423578641025,3,0,0
1326.3739074340936,1188.3117664487784,11.558278671083128,5.4140216426390015,2,0,0
2138.14555912847,870.2236384924502,18.211897156896136,9.347677729135578,2,0,0
806.9478849769908,1460.6564411994736,11.007512107928875,15.217316986446829,5,0,0
1181.504920595772,1494.5771785800177,62.72304078009919,6.289921623175804,3,0,0
1505.7821983253748,822.2012390329222,20.401398526919408,3.1893555134205966,2,0,0
1948.8058640271672,1751.1052001452974,3.854629104058962,18.79827156749741,2,0,0
2023.592214628605,1636.1241915585035,18.7354131899491,5.407369536167628,1,0,0
2018.5103010638618,1358.5580845046925,5.299931546151686,21.66360457615867,6,0,0
1701.4889722982257,1824.5222837464453,136.0088817908116,3.295492202350618,5,0,0
1815.969383473029,443.13534243773375,12.132176560836365,6.559219513927634,0,0,0
1927.3243734753703,1039.2178336913169,28.55236228245155,13.768367129610752,3,0,0
1752.420248845731,1069.2123559722802,5.270120022552605,9.137663342438017,2,0,0
783.5046784257999,1139.475892221978,4.822999925409174,20.18801989586138,2,0,0
1470.9055687509424,1664.8695224705198,25.718684306481087,5.0528264195971,1,0,0
1251.9724320692073,996.8794035454762,68.18582848411756,7.062061994039709,4,0,0
60515.36726509926,695.7872664945836,227.86881637168395,205.6576137521306,55,20,1
1121.8262619956386,580.7854815322847,4.446651621853674,17.471232306479788,0,0,0
1539.0778288464724,1997.2839847064938,32.31034790184191,5.870381717448626,3,0,0
1457.3180135852606,693.2921622302638,6.353330436459838,3.3926902090666538,4,0,0
1436.9778251081166,556.9695009997506,19.769884255199365,12.491927637808967,4,0,0
743.3312940309555,1155.037704199141,8.514343346226013,1.5191252052527924,5,0,0
1562.3174543689427,1289.15660806635,29.59908386152491,4.79921452156391,2,1,0
1073.725172279611,469.49545884961975,3.875972320261306,8.05105823323542,3,0,0
738.0780027594136,979.143131291997,1.3544721728059788,2.1018535080550556,6,0,0
755.9623327327752,1226.6707462149384,36.23584160359678,4.922850128883513,3,0,0
806.080651642631,1016.2679519710488,101.00377284516665,16.140453097320396,2,0,0
2739.824126066922,1013.1405204742111,69.20319180495417,4.8251387589383,2,1,0
1260.1159433091823,694.4435008305761,25.22009595409317,43.68772783622656,4,0,0
1626.8233098977944,1129.4613215360428,47.159433865787626,2.5506516924126372,3,0,0
950.6420693135261,1400.3902560018203,27.0785502931583,11.252628736845736,3,0,0
1642.5633550351572,677.7560655921753,6.412093430166203,21.009218782893164,4,0,0
1589.8501010102755,1808.475882098429,39.18688434101913,4.572689422666112,2,0,0
1661.6900645207215,1105.9646916211539,1.2391951208202985,4.059124627571388,5,0,0
973.7513543802099,937.2284864129875,13.767443762619301,11.706771751815964,4,0,0
1304.6539063536875,1417.8973767012783,25.54891796150993,15.6442083687974,1,0,0
1591.1282190614434,1280.4527207502776,9.311964925107826,24.34592901382598,6,0,0
1618.1331592358322,993.259950844951,7.034048271888939,2.0675547189228505,3,0,0
1769.6197788936652,721.008548293982,14.310929157393991,4.4939777481851095,3,0,0
1554.9002715837596,1387.6306703102132,3.0225438681901835,18.384023995716152,3,0,0
1764.821373649731,953.7764900465781,69.68598429798232,5.350493768891348,4,0,0
2532.162653983234,1352.9016205184648,47.6519811247489,2.899840360105747,2,0,0
1451.8131802991882,1744.2614905713401,9.187902335533089,5.469658424343554,4,0,0
528.9547348569605,1768.2539106446036,25.48160073301617,3.923135847757468,3,0,0
745.9374608196963,1191.2256878054723,1.3945962608466336,3.5200446896005833,3,0,0
1078.2536029734692,1410.8501299256613,8.547552304837401,0.8291282476632547,1,0,0
1445.3261579223456,1570.9934913725872,8.258167368203779,9.91390182905173,1,0,0
2403.4666865656054,1311.58819793435,6.640423876472696,3.8928735427052996,5,0,0
1503.3343941065336,1314.9177658706294,41.03125681687481,3.7800374603393188,2,0,0
1526.6724032201073,1703.0713330800972,12.331145109482678,20.80570209266267,2,0,0
1461.5234571756937,1867.3584237572459,23.24039247104123,2.071196794721484,4,0,0
1649.6536499957365,1304.8021610906858,7.894853465150916,4.574312447020065,3,0,0
2211.3555036630546,744.2540846792049,26.55484724156419,7.205329821723931,6,1,0
1671.3988323495776,619.0910234224634,6.013329423473707,3.980649707141109,4,5,1
932.1438606965152,1184.263440631608,156.30150782544416,7.307159264686129,3,0,0
1276.6441250214732,1294.6967058307432,49.13269620754703,12.47295168052995,4,0,0
1618.7672835198894,926.3662990955551,0.821220519457875,5.698707857134405,6,0,0
1183.0538363097862,1473.6489978490777,29.873303239109553,34.48557935372965,4,0,0
1327.7357254163041,1653.3131890589493,2.146824950475017,5.685952367169859,5,0,0
1111.0065137720012,1224.1984358159336,126.14276672789792,17.597718156808906,4,1,0
1064.9000466201255,210.1450614376862,6.574662465788717,16.948671756208743,1,0,0
1727.590299410391,1366.7406869630468,10.445649979212934,7.442524033708503,2,7,1
2862.0421656529315,1224.8455729941356,7.186667536168898,5.2237922832171035,4,0,0
830.963587640581,1845.9388881803388,10.001372274361314,7.166971100078109,3,0,0
1659.9638553236666,1080.1723504578256,1.8748437555725952,4.795845041547682,2,0,0
1359.880151689323,1587.7399455890106,20.709209148535432,14.498076908383615,5,0,0
803.0084349806541,865.0472427457696,4.169379499116217,15.651361441896157,3,0,0
1468.0061820430174,1522.7120584328754,81.05209386064537,7.994045378361099,2,0,0
1067.3859705241184,1127.001733022706,48.31825843951408,8.966130101690306,2,0,0
9.04347749809592,4843.743878444895,0.2605127804862643,0.7343537312198147,0,0,1
794.6551441129104,862.432259157105,4.575641275915516,10.895769613411264,6,0,0
1493.7880570295206,1106.8916172161166,57.839878380316414,3.6835304866665637,4,0,0
1675.2771144589656,1670.4116704738506,0.020686970584544093,5.446544857286594,0,0,0
